{
  "0": {
    "starting_gini": 0.3,
    "final_gini": 0.5944818488283696,
    "final_nakamoto": 1728,
    "final_peers": 10003,
    "final_hhi": 0.00022603509450267915
  }
}